0,-8.904618127,2.940660898,-0.424275442,0.597197068,0.46277338,-0.672850761,-0.336403302,0.121194712,-0.194539016,-0.488221593
0,-8.545387321,3.423636782,-0.45524083,0.66624891,0.381831799,-0.524435445,-0.224213873,0.281171455,-0.313734304,-0.4794415
0,-8.435470892,2.640092935,-0.246150917,0.412188173,0.397637374,-0.735901738,-0.295091435,0.136860396,-0.100606674,-0.345857262
0,-7.140208802,3.226934264,-0.46205344,0.292533927,1.365806466,-0.683721227,-0.507034681,0.100919432,-0.52024749,-0.387492704
0,-2.776208059,2.921410286,-2.886035668,0.21600503,0.49413828,-0.573164009,-0.964881863,-0.241763232,-0.603529174,2.051143049
0,-8.854763033,3.030803177,-0.436094855,0.613018101,0.449474693,-0.575726133,-0.285724581,0.118397125,-0.184664473,-0.409713642
0,-8.88077241,2.964606081,-0.419388191,0.627576579,0.468639033,-0.706331324,-0.383259225,0.151197296,-0.180202546,-0.480366956
0,-6.915969685,3.886634944,-0.066810989,1.04106387,0.544502109,0.214739992,0.178134604,-0.225299732,-0.388080309,-0.433247225
0,-8.967502165,2.753809564,-0.277716324,0.594153322,0.417581615,-0.703088233,-0.413172693,0.002530064,-0.119141675,-0.462135558
0,-8.968481295,2.750719179,-0.277326342,0.594266442,0.418589679,-0.706941441,-0.414926104,0.001622269,-0.118268522,-0.462862359
0,-8.94546127,2.784054897,-0.254881956,0.63700883,0.394681206,-0.725711297,-0.42103334,0.004804974,-0.118637869,-0.455640693
0,-8.692109588,2.860155861,-0.308959717,0.490639746,0.320385335,-0.702077461,-0.313657686,0.097873109,-0.218235198,-0.270472556
0,-3.136839633,-0.978154815,-6.495910837,1.445182072,-1.996433669,-1.140538919,0.249373051,0.565459778,-0.138933658,3.305094621
0,-3.953706429,3.009095407,-3.229502364,-1.531004506,-1.101157999,-2.155294539,1.135547703,0.900549585,0.365846735,2.316689166
0,-7.952772396,3.04986887,-0.114008186,0.417736038,0.297735176,-0.502568612,-0.267804741,0.104055628,-0.02039562,-0.301492589
0,-8.958098295,2.761941955,-0.278805374,0.595470519,0.417220557,-0.698441983,-0.411710508,0.000971458,-0.122423471,-0.460764071
0,-8.147656711,2.851102205,-0.3377113,0.429045111,0.738162287,-0.467453002,-0.480844741,-0.224963818,-0.131990655,-0.66580813
0,-0.11625933,4.411345279,-1.155768856,0.842435365,1.95968707,0.640210097,0.960629259,0.351734368,0.103305566,2.423745011
0,12.24881949,15.12328206,0.70970659,-19.58341036,-5.656825445,-3.920544698,1.858712605,2.849576648,-0.062302256,-1.100394311
0,15.47996427,16.857075,0.745905684,-21.70792492,-6.089585092,-3.430212304,2.210415597,2.759457648,-0.089133826,-0.910529203
0,12.10125837,15.33439694,0.615684695,-20.31507791,-5.884267834,-3.954783574,1.888714205,3.002944647,-0.311155021,-1.267693244
0,11.78270453,14.8671952,0.603995098,-19.17834894,-5.524550551,-3.704784457,1.812420958,2.725114745,-0.143972274,-1.030996537
0,13.37284372,15.41765269,0.724120661,-19.7657713,-5.738782135,-3.483793258,1.860677042,2.81350688,-0.237060139,-0.842961652
0,11.99181355,15.30091158,0.605851259,-20.23160402,-5.899995057,-3.958471712,1.907335263,2.999302327,-0.257592987,-1.260024144
0,11.92149664,15.22636882,0.607343042,-20.18967625,-5.879708927,-3.988407779,1.901873827,2.99977834,-0.291472456,-1.276038373
0,12.61037381,14.69883563,1.010003054,-19.70104121,-5.990101641,-3.916301094,1.777463977,2.834231834,-0.209117257,-1.651382899
0,11.92526285,15.22811781,0.605875922,-20.17975474,-5.877637228,-3.990419589,1.900481596,2.987072138,-0.29632556,-1.277634625
0,37.62810218,29.255139,-0.888594716,-37.01588074,-11.28476879,-4.451911869,1.315755678,4.271213318,-3.257066567,-4.025510227
0,37.62810218,29.255139,-0.888594716,-37.01588074,-11.28476879,-4.451911869,1.315755678,4.271213318,-3.257066567,-4.025510227
0,11.73152708,14.79189981,0.616358714,-19.11984806,-5.471577894,-3.694626011,1.771365651,2.719995778,-0.189172286,-1.01189721
0,-8.577528909,3.279623731,-0.354078106,0.040816378,0.288733499,-0.679612283,-0.293714772,-0.001110541,-0.350429795,-0.241878488
0,-8.858349077,2.930274479,-0.416107491,0.558862466,0.488726428,-0.696228285,-0.384102333,0.077995123,-0.18394069,-0.495324497
0,-5.201349798,4.910034378,1.137003387,3.32190145,-0.766121939,0.480933079,-0.69528845,1.417872521,-0.591638078,0.202175234
0,-8.92392922,2.920678985,-0.420771755,0.58440179,0.464301083,-0.7110317,-0.345885366,0.111261451,-0.185381727,-0.494920521
0,-8.143558318,2.9211486,0.066416404,0.855224977,0.28447506,-0.536361071,-0.141712347,0.023526701,-0.099612714,-0.417629204
0,-4.161866119,3.255161134,-4.121316613,-1.367657847,-0.579796001,-0.836544009,-0.212437265,0.78822018,-0.545671196,3.393703703
0,-8.107211043,2.814126102,0.093307229,0.87989502,0.238897105,-0.606058921,-0.223987632,0.1545279,-0.089671386,-0.33848758
0,3.995482849,3.192374079,-6.611453081,1.344806263,-1.073954703,3.530712758,0.712181542,0.442447285,-2.089844879,3.737421255
0,-7.197560904,2.326060327,-2.165374039,0.713721726,-0.167695088,-0.508365995,-0.119945993,0.125452006,-0.257738797,0.716247055
0,-8.749468211,3.058614134,-0.526304962,0.533902723,0.469400717,-0.646991209,-0.262092227,0.207739138,-0.196147776,-0.590210526
0,-2.679107512,-0.221625465,-6.354842285,1.689677224,-2.704070844,-0.851302488,-0.457491988,0.588089454,-0.372908424,3.737826833
0,-8.705144505,3.090810448,-0.423727563,0.550419709,0.587321609,-0.609940356,-0.305603254,0.05231134,-0.200035484,-0.450911402
0,-8.873816921,2.990052121,-0.43682071,0.608915863,0.470392848,-0.627558183,-0.297779248,0.12171043,-0.206152612,-0.450754728
0,-6.247164759,4.205374926,-0.308426102,0.652966958,0.798271189,0.557590231,0.253588508,0.085349905,-0.420976546,-0.246345602
0,-8.234234079,3.094073864,-0.693650657,0.639997877,0.484532028,-0.490405267,-0.563031866,0.107583075,-0.215414819,-0.593379639
0,15.18399389,6.071262033,-10.61940384,5.056455504,0.806620715,9.341824257,1.345267791,-1.211601693,-4.188799552,11.68129718
0,10.15097979,3.621408818,-9.54682463,3.760691881,-0.797678555,6.025298915,1.77894235,-0.669991137,-3.280053774,11.21823831
0,7.631604612,3.783394773,-7.631926145,5.422358915,-0.631057544,6.013828616,-0.352023558,-0.057625564,-3.245565937,9.016545983
0,-0.442059024,0.58457128,-6.872421412,1.529011713,-2.403591386,-1.026540211,0.377733047,0.666283361,-0.089465681,5.123553323
0,-3.135732365,-1.224476733,-6.481278132,1.127323745,-2.336955414,-1.278587355,-0.039006088,0.246752198,-0.220112051,3.926107282
0,7.273956453,3.37175834,-7.970184042,4.591709674,0.584006386,6.377873014,1.003788313,-0.753072757,-3.220464997,8.768625603
0,6.918594741,3.210611589,-7.906033754,4.581302365,0.428712823,5.971178527,1.003596201,-0.722479976,-3.068558068,8.808985096
0,7.230014586,3.380997501,-7.901825101,4.596292869,0.642605961,6.516957711,1.175900764,-0.711616574,-3.376295,8.72469675
0,9.265981366,3.834524083,-7.680954593,4.902701421,0.23381276,6.579113842,1.513269388,-1.119440441,-3.414714574,9.192183524
0,7.597402288,3.880319197,-7.815819906,4.755423115,0.093460222,5.999799703,1.537993712,-0.963346795,-3.291927242,8.879861413
0,-8.723387881,3.104658616,-0.433395613,0.567461065,0.559410996,-0.689742468,-0.537860304,0.110391405,-0.149763499,-0.507556695
0,-0.649210629,-0.097968818,-6.119289522,1.84683487,-1.461223279,-1.244475144,0.289001711,-0.03515807,0.01264745,4.13126039
0,6.823816828,4.612582396,-5.830064964,3.769929377,-4.703881374,1.960155063,-0.268163341,1.914878424,3.922414617,5.564650638
0,-8.947446417,2.777461807,-0.28004509,0.60297112,0.414715809,-0.67619264,-0.39916768,0.006505838,-0.125274862,-0.446250088
0,-8.752269274,2.916906478,-0.3054401,0.634399852,0.452636907,-0.523736798,-0.317589627,0.019093324,-0.161583993,-0.40024776
0,-8.799077364,2.899138414,-0.306878706,0.625027939,0.414178341,-0.571149275,-0.339849486,0.038423506,-0.128678828,-0.393587733
0,-8.929443935,2.797322422,-0.302406721,0.608750352,0.394157461,-0.677126517,-0.390537374,0.031430542,-0.146084895,-0.468889945
0,-8.575798801,2.996719372,-0.359817679,0.779874055,0.541777704,-0.511967111,-0.224827203,0.033071971,-0.185816691,-0.369503411
0,-8.960280095,2.773186515,-0.306472759,0.60771877,0.406106046,-0.691384992,-0.388387209,0.022828824,-0.140406588,-0.474404764
0,-8.911638968,2.827580077,-0.310009836,0.610581564,0.408926624,-0.645602779,-0.367529888,0.015617827,-0.149464731,-0.450725948
0,-8.773355421,2.877542767,-0.316421843,0.631012694,0.45124595,-0.579672973,-0.351611585,0.004373913,-0.187631138,-0.456332125
0,-8.762346288,2.883643315,-0.317968175,0.633023942,0.454308661,-0.573771836,-0.351312298,0.001782411,-0.19138989,-0.453793808
0,-8.773355421,2.877542767,-0.316421843,0.631012694,0.45124595,-0.579672973,-0.351611585,0.004373913,-0.187631138,-0.456332125
0,-8.575241431,3.042375584,-0.222180176,0.790485673,0.504038489,-0.500374753,-0.317970784,0.048456722,-0.126930938,-0.396579866
0,-8.517220158,2.999369985,-0.206659282,0.72733559,0.538841239,-0.512577585,-0.354911645,-0.041485618,-0.23559446,-0.41363366
0,-8.533524775,2.964311436,-0.048412058,0.877457846,0.249257938,-0.812396101,-0.344496903,-0.114605946,-0.096855261,-0.505595726
0,-8.546564499,3.297725332,-0.227269167,0.306619991,0.130748109,-1.183480615,0.402883802,-0.202905344,-0.164656564,-0.614806717
0,-8.765682471,2.994017292,-0.375101869,0.701555134,0.427232172,-0.675786845,-0.318592448,0.198339482,-0.175979275,-0.460819741
0,-8.916417179,2.925585543,-0.422205516,0.592772387,0.464837278,-0.69094406,-0.342195313,0.115945828,-0.188822351,-0.490045867
0,-5.258857737,3.951243257,-0.325889721,0.271454514,1.466711075,-0.141624081,-1.437521872,-0.48342893,-0.981676544,0.213435078
0,-8.814864499,2.882881598,-0.239444436,0.677579024,0.396644904,-0.621115506,-0.404615076,0.052477263,-0.137097991,-0.411419627
0,-8.967670651,2.767351702,-0.302583666,0.59925964,0.405928965,-0.695238418,-0.400079265,0.023445228,-0.13862272,-0.466554243
0,-7.171001365,4.393758399,-0.495686276,1.276861608,0.470664178,2.640213152,1.267850485,0.925022101,-0.652825603,-0.04177559
0,-8.855172663,3.090787434,-0.535623057,0.628444913,0.442620326,-0.561297881,-0.306963823,0.185086491,-0.056010242,-0.460018257
0,-8.856129617,2.945500977,-0.403593784,0.6280568,0.458153559,-0.713439525,-0.348411012,0.150379932,-0.183184973,-0.490012239
0,-8.903799987,2.935166592,-0.426122622,0.573260598,0.475003593,-0.713783565,-0.337258041,0.119657941,-0.192332574,-0.490542534
0,-8.37099413,2.8139179,-0.506274184,0.115992243,0.523345538,-0.881640094,-0.292713869,0.222754686,-0.20370594,-0.72252678
0,-8.936519017,2.908764553,-0.420554306,0.589315394,0.462789127,-0.718809571,-0.348590111,0.116895323,-0.180418636,-0.494095912
0,-8.398869761,3.010417503,-0.693079416,0.611728517,0.500646814,-0.454007847,-0.353751836,0.052449383,-0.260464867,-0.431686207
0,-8.948610362,2.894901174,-0.417457606,0.579492991,0.46235414,-0.739714529,-0.365961235,0.113408318,-0.174210475,-0.509638463
0,-8.820603171,3.016179169,-0.430380671,0.561640717,0.467068134,-0.658554154,-0.318598517,0.128376469,-0.208497678,-0.460993113
0,-8.92420317,2.797492883,-0.285558979,0.59848825,0.416134571,-0.662349475,-0.39327478,0.007495999,-0.129307383,-0.442268711
0,-8.913553016,2.789735651,-0.290323422,0.586395396,0.422045764,-0.673414951,-0.406218347,-0.004359659,-0.131793872,-0.45304902
0,-3.052875075,1.005769209,-6.309426745,-0.965360383,-1.747411304,-2.147457112,0.675704533,0.886335203,0.35736098,5.988220935
0,-8.680932139,2.929846976,-0.285004726,0.622571845,0.47973428,-0.51543685,-0.423341298,-0.012265922,-0.165483501,-0.417840058
0,-7.896157236,3.559466512,-0.041126977,1.104665017,0.262777656,-0.263213607,0.283373582,-0.244365387,-0.227072675,-0.457068724
0,-5.522680905,3.847303487,-0.393172689,1.687176643,0.85123678,0.324475382,-0.963753715,-0.78281163,-1.247244394,-0.360067824
0,16.79947676,15.56304196,2.622461538,6.516688711,3.424945276,5.598498704,8.371395161,-5.752950908,-4.367059272,-5.926843092
0,-8.730767571,2.938014742,-0.504864045,0.538245171,0.515784082,-0.64818042,-0.393360603,0.062379027,-0.194053323,-0.524523577
0,-8.737441924,2.751696276,-0.401654341,0.721014023,0.26398207,-0.729200924,-0.370459284,0.002226039,-0.111745403,-0.241101292
0,12.82190658,6.220147607,-4.350810624,3.643323023,-5.625981085,0.25225064,-4.028746338,2.781073709,3.820799902,6.89349142
0,6.963130007,2.634075525,-5.053999214,2.94790857,-3.888135723,-1.49514356,-1.59677551,0.703835307,1.430247095,6.0300999
0,-6.46787314,4.421577144,-0.028779658,1.443969221,0.49092522,-0.345962676,-1.973567756,-0.091202546,-0.666018503,-0.463249469
0,-7.403726321,3.525274008,-0.305439426,1.115253468,1.03527196,0.908194099,0.026083759,0.940025667,-0.611969197,-0.689151509
0,-7.897465594,3.145226071,-0.326910495,0.526281426,0.704752475,-0.665904257,-0.316220557,0.011139661,-0.368865799,-0.29681919
0,-7.147390596,3.683952806,-0.013304001,0.874422874,1.250940889,0.314724272,-0.634537589,0.49885158,0.077000753,-0.452576363
0,2.493436759,0.751521013,-7.268959375,0.325174645,-1.848224052,0.499966738,0.430121671,0.221449795,0.606015452,3.274408395
0,-8.511422384,3.005372326,-0.281140132,0.892910596,0.432627497,-0.515158737,-0.281038575,0.112719598,-0.134797008,-0.409262621
0,-8.808569322,2.999908552,-0.420196521,0.597309677,0.460928475,-0.637577957,-0.315839932,0.133413269,-0.175635242,-0.47552666
0,-8.372662596,3.003220384,-0.318588658,0.597917736,0.69834391,-0.466446466,-0.554408014,-0.136711585,-0.177116374,-0.432554208
0,-1.732982073,5.270685072,-0.032390382,-0.277513997,4.501351591,-0.22093523,1.190455038,-1.488586154,-1.864988326,0.235660298
0,-1.765144724,5.231269204,-0.058363051,-0.336147286,4.49896336,-0.175962978,1.205596409,-1.517114244,-1.866507248,0.187557698
0,-0.54626816,5.314789693,-0.040421909,-0.81935005,5.359869991,0.001444055,0.820895412,-2.282601788,-1.258344499,0.122195731
0,-1.54469707,5.358872471,-0.010801448,-0.313872483,4.548308003,-0.157227909,1.162472437,-1.524949971,-1.908079281,0.235699112
0,0.336458223,6.005489659,0.639468332,-0.008659467,5.191610771,0.378860133,0.328530071,-2.277858954,-2.608553912,0.584545427
0,0.472428008,6.000363913,0.667417822,-0.176524219,5.33022668,0.189258363,0.314404135,-2.272699902,-2.643870697,0.507449119
0,-8.792413803,3.015252926,-0.43162943,0.630982293,0.471196341,-0.605390845,-0.325615356,0.129879336,-0.222188985,-0.466265834
0,-2.633833704,5.654866395,1.440502877,2.772888932,-0.428272837,1.067471551,-0.187737546,0.659244428,-0.317168625,-0.167251438
0,-8.756094244,2.928617207,-0.33949455,0.57650186,0.499282927,-0.536358564,-0.413838019,-0.047389203,-0.147677791,-0.441246681
0,-8.74298741,3.039697335,-0.355329238,0.652218348,0.410065033,-0.607251745,-0.255069225,0.062599511,-0.226767537,-0.401282649
0,-8.791732016,2.993539773,-0.449633392,0.619405584,0.496398449,-0.714677367,-0.296583139,0.14432796,-0.139593838,-0.464798698
0,-8.900921733,2.957306553,-0.430115982,0.601127952,0.468081113,-0.668629026,-0.316287927,0.126265325,-0.194101738,-0.46177464
0,5.737446262,2.352615625,-5.423705068,0.777694064,3.39759773,-0.617956047,0.9935708,-1.382147833,-2.539834101,4.849728319
0,-8.179070474,2.910677134,-0.286283136,0.161297646,0.370787877,-0.686363626,-0.247867894,0.172597104,-0.120989813,-0.387211672
0,-6.348791221,1.471198912,-2.961639994,0.305399539,-0.664605527,-0.890068485,-0.203794528,0.050648211,-0.16473554,1.363709654
0,15.09708041,4.762815961,-13.52432897,-2.449153548,-0.095174785,2.50869228,0.647253115,1.147096169,2.603117611,7.921618347
0,-2.048238772,0.479154439,-5.730124025,-0.995236954,-2.36017463,-1.421105097,0.130954521,0.69709493,0.270502878,4.15470405
0,-8.921814111,2.933727959,-0.42614648,0.593882324,0.457656315,-0.692278036,-0.334757341,0.119805072,-0.183404588,-0.481677715
0,-3.41749697,2.722144349,-5.250241364,-1.502004293,-1.110226425,-1.699473184,-0.378010194,1.091314806,-0.203240048,4.575208625
0,-8.414425168,3.121582062,-0.272174094,0.657993472,1.002265134,-0.294915337,-0.926585391,-0.969265335,-0.835077421,-0.605699383
0,-5.917304388,3.542725861,-1.200633522,0.22798086,0.862179343,-0.034750751,0.331728787,0.813249005,0.666177227,-1.693746335
0,-8.770151061,2.977405313,-0.434164503,0.565737364,0.523267499,-0.657298698,-0.351557161,0.078711162,-0.182358515,-0.523751701
0,-8.486391676,3.107878478,-0.495178147,0.634371228,0.59333741,-0.462487249,-0.298320269,0.104714927,-0.276350472,-0.485599276
0,-8.548563477,3.130864554,-0.536186111,0.628941461,0.574072303,-0.511891203,-0.312576672,0.122284004,-0.242454563,-0.596091837
0,-8.939163436,2.90111225,-0.418539786,0.585468501,0.464047086,-0.727766887,-0.355654207,0.11483006,-0.178212516,-0.500593792
0,5.091926342,9.591165616,3.442102767,5.344324631,1.847143117,-2.800050511,2.610994768,-1.352746462,-0.749583782,-1.467970979
0,-8.938690206,2.919824964,-0.423828754,0.589434823,0.457659922,-0.710246113,-0.342414438,0.119093121,-0.180808666,-0.490015807
0,-3.868866761,4.322016059,-0.023679834,1.202079138,1.318941942,0.892984762,-0.097193975,-0.922786282,-0.962769404,-0.828062991
0,-4.406309309,1.134907166,-3.761827746,1.262144237,-0.395544285,-0.45558011,-1.636083259,-0.978889783,-0.877386126,1.778693836
0,-8.298242132,2.987813596,-0.294371618,0.70201016,0.324468281,-0.45036169,-0.461991786,0.062064341,-0.056407525,-0.171368799
0,-8.769759838,2.841522545,-0.276977293,0.621236919,0.454023478,-0.570200746,-0.420991198,-0.036055607,-0.081689243,-0.405788433
0,-8.790873644,2.82434671,-0.267734071,0.600719251,0.450485915,-0.601382036,-0.378160633,-0.007239112,-0.142725605,-0.445000304
0,-8.656656283,2.974574308,-0.204697618,0.797606036,0.46448435,-0.516372849,-0.325856404,-0.032111735,-0.134138181,-0.432471576
0,-8.598400762,3.097750066,-0.536780616,0.639619225,0.57515582,-0.539869385,-0.293744345,0.134695562,-0.250087547,-0.580684756
0,-8.514265605,3.046019222,-0.483032855,0.398936125,0.348218985,-0.720500368,-0.326950903,0.13608747,-0.055673367,-0.390124451
0,-7.249452223,2.767582801,-0.294432798,-0.187612905,0.313853851,-0.795031724,-0.374024733,0.312380635,0.132389179,-0.306000875
0,-8.709307468,2.947032973,-0.501456414,0.528914203,0.517747323,-0.65644516,-0.394814982,0.05428559,-0.193295517,-0.534892511
0,-8.729500721,2.768092087,-0.455163695,0.748820941,0.657094326,-0.753109573,-0.299487964,0.265917239,-0.064454452,-0.803692924
0,-5.117347119,0.506734847,-4.013019984,0.750973269,-1.033900919,-0.944753767,-0.193622336,0.076311669,-0.304141295,2.113650478
0,-6.185895175,3.759879913,-0.830682082,0.289239866,2.027439568,-0.462452939,-0.802838428,-0.236607761,-0.6672354,-0.057955783
0,-8.052944757,3.033784462,-0.302431398,0.727468182,1.098198639,-0.615252799,-0.261156641,0.397955938,-0.100462817,-0.326614021
0,0.662651109,6.856165717,-2.76982311,-1.943815687,-1.061484614,1.36234919,0.268543518,1.379031701,2.075737748,2.012556201
0,-6.229956723,3.701035449,-0.480617064,-0.805709295,0.281944582,0.026590118,-0.18401328,-0.070882277,1.02128195,-0.484321182
0,11.89730382,7.040592631,-6.252073472,-2.460610094,-1.731069498,0.729307778,-1.692699312,-0.164689544,2.495726769,4.335136233
0,13.13050829,13.95147111,0.332233588,-3.586099485,6.87237654,14.14719542,-7.201326296,-14.25089728,47.03947091,1.445541107
0,-5.922352061,4.879969171,1.039352882,1.103626809,0.209230569,-1.77083092,1.365532355,-1.040695322,0.044389139,-0.089148755
0,4.461513391,10.39539488,4.449588725,-1.367753762,2.721893241,-3.898601211,4.701222683,0.358617606,0.039047858,0.365736487
0,14.02347139,5.520833417,-7.635809237,-1.472464012,0.510389474,0.03411644,-0.182074959,-3.57640561,-1.676517961,6.913636445
0,-8.906327746,2.800331266,-0.263219286,0.636053895,0.404759723,-0.693857058,-0.415123185,0.008517488,-0.094653718,-0.452242817
0,-8.031321915,3.081990568,-0.108146725,0.371280204,1.173102833,0.271258238,-1.204002955,-1.499990154,2.249840814,-0.346682393
0,-6.483242766,3.618979843,-0.178943656,0.63002482,0.579365824,0.491721329,-0.210672488,0.112598546,-0.433358961,-0.447729692
0,-7.813601041,3.544776205,-0.183116349,0.710554604,0.405111484,0.351561549,-0.243105343,-0.004951489,-0.155343655,0.060727014
0,-7.340440587,3.877181798,-0.165159211,0.751170048,0.485748152,0.910600773,0.000490061,0.04550312,-0.481226839,0.084412824
0,-5.518972016,4.820870109,0.145619277,1.01747377,0.500309778,1.739781269,-0.074958671,0.149749673,-0.817761604,0.396708373
0,-7.563835871,3.897280172,-0.342122782,0.701418903,0.397226836,0.665430156,0.079662363,-0.047182187,-0.474558485,0.037712691
0,-6.355298077,4.40468841,-0.178125474,1.08303001,0.486658565,1.734381303,0.203798382,0.082889753,-0.801473209,0.259140086
0,-6.819463711,3.698840652,0.088574631,1.827355071,-0.057940997,-0.057575146,-0.935958805,0.161127602,-0.492022906,-0.883610851
0,-2.575743155,3.620923635,-2.738008682,-1.21886076,0.112866172,-3.065143771,1.440487275,0.306217187,0.877905654,4.161770572
0,-6.581166923,4.227190014,0.281530228,1.318211004,0.253914411,0.431949987,0.640794215,0.814768422,-0.214440732,-0.825882204
0,-8.501248179,2.932037467,-0.234849054,0.550498443,0.47418202,-0.586515616,-0.476019314,0.019164922,-0.147453041,-0.450603602
0,1.329328815,2.214616077,-5.134268416,-1.075796835,0.08605004,-1.655234125,0.29896328,1.182803846,1.189943154,2.558847452
0,6.426901407,5.421291729,-6.615310782,-1.454174365,-0.430084743,-2.166725917,0.26327104,1.255779366,2.018316622,4.478002437
0,-5.816426575,2.441072711,-2.662311422,0.07868102,-0.44054783,-0.488008904,-0.049149811,0.09390142,0.408509003,1.385053999
0,-3.201003734,0.29210527,-5.55409903,1.173155834,-2.321947591,-1.25556841,-0.33257954,0.144403244,-0.222969259,3.215060852
0,-8.748294796,3.054158321,-0.314706668,0.67278528,0.398910565,-0.207096141,-0.169370983,0.052754226,-0.224114506,-0.303493783
0,-8.766588768,3.084825455,-0.417598057,0.6123063,0.472961161,-0.422280244,-0.237380252,0.146407905,-0.229916092,-0.383651918
0,-4.588901297,0.967677158,-4.889129646,0.770092205,-1.668191573,-0.774055015,0.195212445,0.323960602,-0.166853575,2.620128769
0,2.327441388,3.364879141,-6.54880805,0.550155745,-2.96540785,3.073401749,1.83710769,1.241194064,-1.01576212,4.912599031
0,0.173300525,8.900682805,2.148863788,4.633736251,0.579584669,1.707337402,4.470496519,-0.92111612,-2.289040949,-1.531645492
0,-8.530209338,2.969620188,-0.169628683,0.576768563,0.390990726,-0.639306691,-0.349235431,-0.089127066,-0.143247282,-0.475436476
0,-8.699767626,2.96243728,-0.27148086,0.618805213,0.406962884,-0.472944372,-0.360564421,0.021399145,-0.173632217,-0.35257892
0,0.490487096,0.145745558,-6.299275385,-0.20675076,-1.952648417,-0.141027486,0.223424456,-0.547255453,0.706426861,4.11864636
0,-8.692294858,2.867925792,-0.396435327,0.558294205,0.489997249,-0.632827619,-0.347929866,0.092756159,-0.166415632,-0.572280303
0,-8.304483653,3.262912342,-0.355820724,0.765967157,0.718033281,-0.56593234,-0.388673638,0.174576422,-0.311064243,-0.389608043
0,57.73455223,18.13974526,6.412737001,14.0495007,69.05615445,-30.15654545,5.577281921,38.22888708,7.616820058,7.023341348
0,-6.395421712,1.574971302,-2.760655065,0.516236654,-0.374207012,-0.64456588,-0.50926652,-0.371493679,-0.18318808,1.337803182
0,-3.271383196,-0.465520856,-6.501157331,1.464885011,-2.362070785,-0.859660664,0.262650491,0.457811967,-0.25912189,3.764048317
0,-6.849160214,3.781481402,-0.288107962,0.710118634,0.891953858,-0.187635425,-0.394611967,-0.374619174,-0.262194308,-0.458056066
0,-4.692541973,5.551101649,0.130953155,2.729529209,-0.076289079,-0.674351016,0.200416338,-0.401521585,-0.83732115,-1.259195684
0,-6.315218928,4.432413202,-0.022974353,1.446979487,0.363378009,-0.839202165,0.541191046,-0.325387477,-0.484745445,-0.734099192
0,-2.727014257,-0.243103454,-6.773650099,1.191360419,-2.580031868,-0.862878163,0.217368746,0.535699664,0.197383787,3.712775449
0,-8.825984871,2.998789068,-0.44463148,0.645851857,0.473540662,-0.583759983,-0.278366274,0.12592357,-0.211647297,-0.455716971
0,-5.323849716,4.490454397,0.554546844,1.974930699,1.376930008,-0.758936128,1.299319761,-2.246567821,-0.937419289,-0.319093947
0,-8.700365775,2.822531653,-0.447351373,0.787276915,0.569634436,-0.680868811,-0.278534544,0.285666079,-0.071698652,-0.795582427
0,-8.15333478,3.169217894,-0.216550917,0.734644392,0.654963559,-0.36456543,-0.552475109,-0.04678298,-0.221613351,-0.347240234
0,-8.909034781,2.793021804,-0.270858258,0.622314226,0.404355031,-0.645404616,-0.384552664,0.021842146,-0.130634561,-0.453902482
0,-4.015154596,3.172776241,-0.100328577,-0.196944574,2.267203847,0.684950534,-1.284420799,-1.292064273,3.631431216,-0.526166372
0,13.13050829,13.95147111,0.332233588,-3.586099485,6.87237654,14.14719542,-7.201326296,-14.25089728,47.03947091,1.445541107
0,-6.235297505,3.20515742,-0.204928712,0.146190882,1.287049794,-0.050689458,-0.775269873,-0.699864165,1.918623298,-0.14767584
0,-3.54217729,4.548218617,0.054483225,-0.053895431,2.144964749,2.556342731,-1.520629048,-4.74688965,12.48263292,-0.109386315
0,-3.889544728,4.373599868,0.16150297,-0.315603206,0.875094054,1.798452807,-0.250635045,-0.667546901,4.321693717,0.007049456
0,-8.612372359,3.001876052,-0.321094502,0.619512837,0.614494152,-0.497623597,-0.320243036,0.002294783,-0.247623601,-0.393754481
0,-8.819086238,2.958935607,-0.444147957,0.569044635,0.4768418,-0.681333377,-0.343172869,0.109638545,-0.157781988,-0.520955367
0,-7.515762849,3.723686384,-0.486084748,0.699943305,0.537124853,0.571230181,0.009953135,0.039306587,-0.546086489,-0.311455109
0,-8.897010722,2.809030616,-0.284685094,0.594797469,0.436507847,-0.647664579,-0.41127885,-0.007574133,-0.143440983,-0.428396458
0,32.36844341,14.10198348,-3.244862394,-3.745156879,23.56425802,12.27413563,-16.02139969,-25.46642249,-15.90053772,-2.595268433
0,32.27618983,14.05106892,-3.238147514,-3.762554146,23.46109593,12.23470296,-16.05063471,-25.46241602,-15.85497466,-2.622829938
0,34.62290316,15.06354119,-2.896676647,-3.751477447,24.42218111,12.87989902,-15.85647128,-26.14855038,-16.27834234,-2.465391824
0,4.139473591,13.02643892,-0.203802284,6.744455499,0.029148844,20.34464405,7.082644592,6.349521746,-4.817765202,-1.702212757
0,-0.388211752,8.507006886,0.661046826,4.921666485,2.730125569,9.83326148,6.208967082,4.122556491,-2.505010521,-0.563242167
0,22.75633117,26.62288239,0.473219934,15.77967254,-3.838265815,61.69531434,30.92980083,27.18584041,-3.10188562,-7.467692255
0,-1.467572597,5.964361059,1.855566799,3.775608342,0.4050406,0.213527674,2.709717835,-0.242558416,-0.492693923,-0.8626113
0,-8.326279185,3.043834211,-0.146657732,0.735286004,0.510163097,-0.412807317,-0.60667908,-0.05319588,-0.120732662,-0.328076619
0,-7.177369921,3.461246682,-0.232770264,0.362759703,0.993090861,0.019302553,-0.652302408,-0.131496629,-0.195379917,-0.343065061
0,-7.070435496,3.556826738,-0.284322622,0.331242079,0.947055228,0.086024468,-0.606672857,-0.077458396,-0.192004347,-0.34945969
0,-8.910051767,2.967436185,-0.431928401,0.606027926,0.446452329,-0.649965657,-0.308955277,0.129087091,-0.193766388,-0.458889401
0,-6.149545563,3.129121401,-3.117313294,-0.788681516,-0.742924252,-0.898093456,0.09503082,0.511280523,-0.430233391,2.388240173
0,44.19540219,37.30712342,26.56716954,38.86441471,-15.1580423,-30.04428375,50.29848761,-34.37221705,1.413581934,-0.34308712
0,-8.921836477,2.79169123,-0.274641187,0.626271415,0.407288908,-0.63912111,-0.407400478,0.017035408,-0.100093929,-0.432757798
0,-8.818294135,2.958822396,-0.389637605,0.646424573,0.436006293,-0.658020922,-0.323621725,0.117921096,-0.184819314,-0.471249586
0,-6.066073165,1.353873878,-2.308868991,0.879349026,-0.041006249,-0.624579069,-0.224066354,-0.158103717,-0.075304233,0.983021996
0,-8.875993707,2.925366581,-0.408387866,0.628611623,0.462384157,-0.701614727,-0.350143155,0.141985772,-0.179553455,-0.479569523
0,-6.145614038,3.295172645,-1.081628666,0.995791529,-0.289747558,-0.211583987,-0.456748417,0.799925112,-0.219413852,0.497343688
0,-5.542723932,3.925017764,-0.439836123,0.95485488,1.631079488,1.176689065,-0.254493357,0.236611296,-0.569878478,-0.408310874
0,-7.727076479,3.442498339,0.018586135,1.250659246,0.631595905,-0.266961559,-1.360741722,-0.665941382,-0.903690515,-0.728451605
0,-1.829866097,0.798810482,-5.277253653,0.170803761,-0.456315363,-1.277879395,-0.370678386,0.045686014,-0.960526632,3.617848655
0,-3.055298612,2.376658745,-2.654310808,0.538007534,1.60268835,-0.347814074,-1.051287236,-0.350795204,-1.443080984,1.459014782
0,58.21501029,47.27293067,29.55004787,50.10432552,-37.47434188,-6.999450653,-48.85102425,17.15668892,-1.366537757,-4.992036618
0,14.1089022,10.00331536,-4.410963262,-4.720103308,0.861798611,1.85329804,0.224491678,0.13578083,-0.659530745,1.212352382
0,-6.542052371,2.810164202,-0.989152761,0.722368912,0.148480383,-0.37853461,-0.401076178,0.364261723,-0.21745993,0.655309286
0,-8.773747209,2.877453905,-0.266322379,0.609690271,0.435176719,-0.686773924,-0.39107416,-0.059351017,-0.121463456,-0.455706304
0,-8.683160729,2.977853292,-0.273927429,0.409893882,0.447670306,-0.668913262,-0.399218168,-0.054940783,-0.255475289,-0.394079656
0,-8.053808546,3.111140665,-0.306885042,1.307928661,0.768109454,-0.334038673,-1.017690389,-1.595905999,-1.203436105,-0.521150192
0,-8.662289548,3.001537828,-0.224103106,0.752113323,0.437822368,-0.795809673,-0.353610123,0.146387246,-0.133434052,-0.44060014
0,-8.805352672,2.883164147,-0.295369898,0.63674256,0.5004245,-0.514698192,-0.357616961,-0.021626141,-0.152726261,-0.411199942
0,2.350000296,0.925906916,-8.007207502,0.295793791,-2.457612202,0.013374145,0.419071577,0.445335388,0.125077931,3.543588903
0,-7.390088574,3.486044504,-0.42438494,-0.332888816,0.151713517,-0.377054785,-0.430704033,0.130239651,0.857152191,-0.251270869
0,6.663420964,1.880590991,-10.28465299,-2.527977485,-2.145821111,-0.574604203,-0.27734844,0.29971927,2.129648544,7.037176102
0,-3.889544728,4.373599868,0.16150297,-0.315603206,0.875094054,1.798452807,-0.250635045,-0.667546901,4.321693717,0.007049456
0,-8.929488315,2.914185472,-0.423983232,0.59420168,0.457205655,-0.713578643,-0.347885174,0.119577291,-0.175738334,-0.500044741
0,-8.918555395,2.950878134,-0.439692381,0.606192635,0.460134693,-0.667328589,-0.31704003,0.129903082,-0.168643406,-0.470520273
0,-8.233877456,3.335108034,-0.419866722,0.572678316,0.547361273,-0.4674614,-0.416532468,0.005129743,-0.206458255,-0.393065326
0,-8.332534577,2.714856352,-0.242099937,0.38315119,0.586251668,-0.644843608,-0.373424118,0.029619148,-0.162888844,-0.362903815
0,-7.942312252,2.837396924,-0.166835854,0.541404616,0.349039695,-0.180812557,-0.141957085,0.067813699,-0.181811323,-0.134430152
0,-3.665160794,0.062473773,-6.029936138,1.420064755,-1.564710652,-1.206818957,0.289550617,0.647550042,-0.372167356,3.073425729
0,-8.848665506,2.914364702,-0.385887847,0.615414913,0.430118383,-0.691565591,-0.355335945,0.12256676,-0.179618325,-0.494998014
0,-8.613668183,3.089603562,-0.535685555,0.633167832,0.571028275,-0.556159523,-0.304576464,0.134827688,-0.244891899,-0.590675264
0,-8.849131645,2.938880152,-0.41046396,0.573355528,0.498765105,-0.683144211,-0.36394924,0.077697273,-0.193129727,-0.486662565
0,-8.940154446,2.896256094,-0.415879772,0.579432065,0.464257794,-0.736237329,-0.365537121,0.112017203,-0.176360499,-0.50818791
0,3.703865008,-0.553073691,-11.33461663,-2.474415535,-3.35033048,-2.22671357,0.577313647,1.22807443,0.168457459,6.85932198
0,3.828066337,-0.328405918,-10.38680521,-0.352941007,-1.167301849,-2.664932728,-0.162812508,1.597207885,-1.140449767,10.34654031
0,-8.880917037,2.991492976,-0.435275147,0.606501034,0.45025248,-0.613758096,-0.28903755,0.124136414,-0.207287074,-0.446352705
0,-8.803271301,2.786700541,-0.400211018,0.708536653,0.528079817,-0.713061972,-0.330013626,0.183999157,-0.073774284,-0.680042851
0,-8.464356468,3.16800885,-0.4885859,0.734101578,0.564975223,-0.561342757,-0.39318327,0.160495061,-0.259155354,-0.579298425
0,-8.598002288,3.097053651,-0.535884299,0.637177591,0.57341672,-0.547418178,-0.298122679,0.131976997,-0.251238338,-0.586741094
0,-8.71705743,2.734545046,-0.54539252,0.801928084,0.74260246,-0.853925958,-0.27976678,0.370075959,-0.030389845,-0.938656444
0,-8.821658599,2.719808526,-0.490113758,0.73955474,0.661191211,-0.85461941,-0.327020462,0.279286245,-0.037314618,-0.852645954
0,-8.460953267,3.17011859,-0.490133813,0.728864192,0.572467015,-0.557437308,-0.376908048,0.16297281,-0.264388871,-0.576904934
0,-8.27515349,3.184173786,-0.368822996,0.591982289,0.619739125,-0.377695389,-0.551350026,0.046653218,-0.244369706,-0.383743719
0,-4.15848379,-0.097648903,-6.008467518,1.327872976,-1.611201977,-1.30619739,0.252956109,0.54270279,-0.28746376,3.106063428
0,-8.56640039,3.120543226,-0.479238,0.730458084,0.491869569,-0.590839901,-0.37757628,0.186462689,-0.210942015,-0.583368123
0,-8.739948368,3.031192646,-0.53242131,0.635321964,0.498799664,-0.611720857,-0.292752642,0.169953375,-0.208576264,-0.61444193
0,-8.532348412,3.132070537,-0.544758109,0.658724348,0.56864049,-0.502100518,-0.286552619,0.150781264,-0.264975057,-0.5835379
0,-8.498316112,3.090109757,-0.586914154,0.578170816,0.426759615,-0.477836992,-0.225730934,0.229519667,-0.177563161,-0.575022603
0,-8.70729509,3.064173106,-0.610146711,0.598418405,0.443180856,-0.607523557,-0.271860956,0.263162551,-0.180408879,-0.651220875
0,-8.62820688,3.091633651,-0.619668606,0.630245761,0.51359662,-0.583379245,-0.287806673,0.229464464,-0.166997642,-0.678197355
0,-8.791238295,2.790956835,-0.423214415,0.691502175,0.52932174,-0.626136603,-0.327186257,0.103111812,-0.041045299,-0.63181897
0,-0.384843687,0.190632903,-7.520888554,1.321315144,-2.490215021,-0.612770833,0.194814276,0.226380931,-0.305677767,3.943708511
0,-8.796304873,2.986352851,-0.430459256,0.561275387,0.487882586,-0.67627095,-0.353361049,0.093333913,-0.163053582,-0.449539614
0,-8.823262815,2.859535269,-0.323376075,0.598658339,0.45175293,-0.556076841,-0.348127742,0.012307006,-0.22252043,-0.405834638
0,1.730170351,1.627991073,-7.530603235,-0.726102953,0.29736462,-2.195426414,-0.201323761,1.393792627,-1.156665807,8.650438871
0,-7.085380471,3.300695785,-1.029213911,0.518891799,1.453934236,-0.402811283,-1.312911423,-0.19854364,-0.412943788,-0.782585275
0,-8.473036836,3.076433694,-0.356419624,0.610369637,0.711011916,-0.49097939,-0.427562127,0.035366683,-0.167247356,-0.406390974
1,1.476126845,-4.401364253,9.972795402,-1.839432489,1.616921239,1.427439454,-0.363123986,0.040163573,-0.501377163,1.441543742
1,-8.961597322,2.72411401,-0.286756027,0.58750387,0.427056271,-0.724876169,-0.421395039,-0.005777289,-0.140408303,-0.460863547
1,5.875068221,-7.605118692,0.548598138,-0.341211147,-2.792395195,-0.394368891,0.178301054,-0.27996608,-0.044819545,4.047069143
1,9.726287402,-6.716660359,-6.401129282,1.84895097,-0.943045812,-0.368115896,0.506242969,0.428157657,0.577184604,-4.295282819
1,5.847233291,-7.619614655,0.539673015,-0.35692902,-2.781962619,-0.411589756,0.179655195,-0.287749626,-0.042362481,4.047875347
1,0.458251203,-1.748355691,-0.755388658,0.481112218,1.485573426,-0.31821135,0.398088438,0.043878979,0.397880983,-7.189440177
1,8.358115774,-6.970385952,-6.60670415,1.535087525,-1.05889252,-0.934626818,0.321922077,0.071199258,0.477874642,-4.11300289
1,9.726287402,-6.716660359,-6.401129282,1.84895097,-0.943045812,-0.368115896,0.506242969,0.428157657,0.577184604,-4.295282819
1,-8.961701255,2.724060102,-0.286777542,0.587476482,0.427077584,-0.725043358,-0.421454852,-0.005829889,-0.140367651,-0.460860071
1,8.959786094,-6.149142572,-5.75867268,1.559436969,-0.570539846,-0.873588472,-0.34871387,0.495401254,0.852885645,-2.900255393
1,8.329623815,-6.982169975,-6.609700381,1.515655308,-1.051622106,-0.959372039,0.317836325,0.062293328,0.477000383,-4.108040985
1,1.472734257,-6.004575063,10.661228,-1.995163777,0.624605535,1.320011758,0.165250902,0.163733365,-0.069317658,-1.026224351
1,12.60659533,-9.402006728,3.359794617,-0.642136905,-1.826148054,0.737460024,0.220829423,-0.254569393,-0.646569002,9.849031957
1,8.358024339,-6.970459248,-6.606708856,1.535046933,-1.058878389,-0.93479484,0.321857577,0.071164689,0.477921165,-4.11303137
1,-8.961597322,2.72411401,-0.286756027,0.58750387,0.427056271,-0.724876169,-0.421395039,-0.005777289,-0.140408303,-0.460863547
1,-8.961597322,2.72411401,-0.286756027,0.58750387,0.427056271,-0.724876169,-0.421395039,-0.005777289,-0.140408303,-0.460863547
1,8.366554294,-6.978521584,-6.636438046,1.316073709,-0.817537305,-1.167168715,0.328351488,0.178339866,0.442003154,-4.15501841
1,8.366646496,-6.978461979,-6.63642081,1.316077947,-0.817551095,-1.16708796,0.328380909,0.178351701,0.441989496,-4.155027398
1,8.358024339,-6.970459248,-6.606708856,1.535046933,-1.058878389,-0.93479484,0.321857577,0.071164689,0.477921165,-4.11303137
1,5.924626644,-5.688433894,0.3762423,0.06030936,-1.556806905,-0.439882937,-0.851805467,-0.356286095,-0.028673398,7.268610003
1,3.396184362,-6.652794231,11.32912942,-1.805507943,0.784979581,1.885092958,-0.065148981,0.137566266,-0.261631389,0.025670136
1,7.668765596,-8.299869611,1.177427504,-0.197039096,-2.61206132,0.079993286,-0.072814589,-0.330358394,-0.21848689,5.093449311
1,-8.961701255,2.724060102,-0.286777542,0.587476482,0.427077584,-0.725043358,-0.421454852,-0.005829889,-0.140367651,-0.460860071
1,9.192477183,-4.661093419,-7.056781283,1.546776803,0.917653659,-1.155972619,0.091625512,0.409341723,0.055065492,-2.892760079
1,8.442229658,-6.943034134,-6.617566383,1.352707518,-0.822165559,-1.140137394,0.333898202,0.168431077,0.429854099,-4.16029683
1,5.875068221,-7.605118692,0.548598138,-0.341211147,-2.792395195,-0.394368891,0.178301054,-0.27996608,-0.044819545,4.047069143
1,8.959786094,-6.149142572,-5.75867268,1.559436969,-0.570539846,-0.873588472,-0.34871387,0.495401254,0.852885645,-2.900255393
1,1.500569187,-5.9900791,10.67015312,-1.979445904,0.614172959,1.337232622,0.163896761,0.171516911,-0.071774723,-1.027030554
1,7.690455358,-8.300338371,1.183075131,-0.189247583,-2.610547194,0.096586777,-0.061355193,-0.327698517,-0.222342291,5.088967491
1,7.770683396,-8.267833823,1.207574429,-0.167273186,-2.621588573,0.153491445,-0.050744688,-0.313916725,-0.234676212,5.099769833
1,8.358024339,-6.970459248,-6.606708856,1.535046933,-1.058878389,-0.93479484,0.321857577,0.071164689,0.477921165,-4.11303137
1,1.159287585,-6.04864935,10.67119561,-1.946475847,0.540014725,1.22560792,0.271880254,0.254849643,-0.132285817,-1.103166294
1,0.4400162,-1.758705905,-0.757973831,0.465760175,1.480652532,-0.337824932,0.379582022,0.038645832,0.404477494,-7.186623232
1,8.358127969,-6.970423638,-6.606675269,1.535060485,-1.058914454,-0.934621414,0.32193334,0.071244796,0.477882098,-4.113055964
1,9.443020097,-6.771049553,-6.357269102,1.724010385,-1.081180907,-0.438156234,0.386333123,0.41061961,0.542550502,-4.246117325
1,7.770683396,-8.267833823,1.207574429,-0.167273186,-2.621588573,0.153491445,-0.050744688,-0.313916725,-0.234676212,5.099769833
1,-2.071156399,-2.27838954,3.974225074,-0.912946729,0.045019059,-0.109564931,0.340185442,0.206462768,-0.00193672,-1.098814173
1,1.474157964,-6.004902076,10.66132028,-1.996927954,0.625009285,1.320966058,0.167041837,0.163240136,-0.069701166,-1.026857236
1,9.267305789,-4.463499746,-6.975741025,1.539854354,0.906323811,-1.005891776,0.17564458,0.439947664,0.067221735,-2.575895508
1,9.400894354,-4.639794897,-7.083903479,1.63583521,0.947140593,-1.016993958,0.194001794,0.431248172,0.079659641,-2.96484061
1,7.51910959,-8.10437352,1.338586474,-0.29038492,-2.756412663,0.132673916,-0.070792916,-0.346823512,-0.215890714,5.452783839
1,0.626543528,-1.760385567,-0.777212166,0.540106277,1.528337202,-0.276490817,0.481006992,0.036736326,0.444647749,-7.250326706
1,9.623654235,-6.770978757,-6.408054199,1.819380244,-0.926782424,-0.450727135,0.503440184,0.411727854,0.558985014,-4.282818984
1,5.020283258,-7.277406175,0.56093137,-0.373007664,-2.459734634,-0.774108401,0.284013957,-0.139914501,-0.063517559,3.992889464
1,3.294266562,-6.684830019,11.29898249,-1.835273853,0.794506834,1.811594799,-0.087218882,0.121124598,-0.245442067,0.019349613
1,8.358024339,-6.970459248,-6.606708856,1.535046933,-1.058878389,-0.93479484,0.321857577,0.071164689,0.477921165,-4.11303137
1,7.811251007,-8.245196751,1.213468448,-0.164926362,-2.615806002,0.191299022,-0.02246806,-0.299301146,-0.249346647,5.100877019
1,-8.961701255,2.724060102,-0.286777542,0.587476482,0.427077584,-0.725043358,-0.421454852,-0.005829889,-0.140367651,-0.460860071
1,9.726287402,-6.716660359,-6.401129282,1.84895097,-0.943045812,-0.368115896,0.506242969,0.428157657,0.577184604,-4.295282819
1,1.471177312,-6.005020533,10.66053677,-1.997284249,0.625040919,1.319108986,0.165677027,0.162957557,-0.069207688,-1.026243817
1,9.464351916,-6.75772824,-6.341815399,1.751000645,-1.081618451,-0.444517845,0.395874185,0.392897036,0.513875711,-4.237232753
1,8.444899554,-6.956943333,-6.630961636,1.337429561,-0.816400456,-1.10323073,0.353706311,0.186683497,0.435987366,-4.165206178
1,7.805738996,-6.676085301,-6.519453,1.42830749,-0.60411923,-1.314973436,0.364336559,0.155178428,0.543529574,-3.910959027
1,5.875068221,-7.605118692,0.548598138,-0.341211147,-2.792395195,-0.394368891,0.178301054,-0.27996608,-0.044819545,4.047069143
1,-8.961597322,2.72411401,-0.286756027,0.58750387,0.427056271,-0.724876169,-0.421395039,-0.005777289,-0.140408303,-0.460863547
1,1.471023442,-6.005130747,10.66052218,-1.997344732,0.62506415,1.31884221,0.165580627,0.162898305,-0.069136378,-1.026275491
1,-1.949441276,-2.435397711,3.802057204,-0.81205056,0.135951988,-0.133454687,0.300153844,0.218838118,-0.007189973,-1.457225634
1,2.833266802,-1.852836568,-0.716198363,0.236508937,2.551530666,-0.504868735,0.232448821,0.131106033,0.070193818,-7.588265637
1,-8.961597322,2.72411401,-0.286756027,0.58750387,0.427056271,-0.724876169,-0.421395039,-0.005777289,-0.140408303,-0.460863547
1,7.668765596,-8.299869611,1.177427504,-0.197039096,-2.61206132,0.079993286,-0.072814589,-0.330358394,-0.21848689,5.093449311
1,8.358127969,-6.970423638,-6.606675269,1.535060485,-1.058914454,-0.934621414,0.32193334,0.071244796,0.477882098,-4.113055964
1,5.847977667,-7.620521978,0.539773436,-0.359041088,-2.781507305,-0.411978544,0.180912453,-0.288487027,-0.042365615,4.046923645
1,-3.339299509,-1.708837076,3.244653015,-0.868666854,-0.039918803,-0.072136383,0.172761499,0.09635159,0.037210836,-0.962242541
1,7.51910959,-8.10437352,1.338586474,-0.29038492,-2.756412663,0.132673916,-0.070792916,-0.346823512,-0.215890714,5.452783839
1,1.500589974,-5.990068319,10.67015743,-1.979440426,0.614168696,1.33726606,0.163908723,0.171527431,-0.071782853,-1.02703125
1,1.500569187,-5.9900791,10.67015312,-1.979445904,0.614172959,1.337232622,0.163896761,0.171516911,-0.071774723,-1.027030554
1,8.292923115,-7.940665809,13.84058597,-2.344703389,1.730119225,2.510664928,0.221445278,0.295682343,-0.67202264,4.729524656
1,1.85364359,-4.149162178,10.29690291,-1.635623072,1.785274614,1.285344338,-0.9011395,0.096940382,-0.125500149,2.326158273
1,3.144610556,-6.489333928,11.46014146,-1.928619677,0.650155491,1.864275429,-0.085197209,0.104659479,-0.242845892,0.378684142
1,5.875068221,-7.605118692,0.548598138,-0.341211147,-2.792395195,-0.394368891,0.178301054,-0.27996608,-0.044819545,4.047069143
1,1.471023442,-6.005130747,10.66052218,-1.997344732,0.62506415,1.31884221,0.165580627,0.162898305,-0.069136378,-1.026275491
1,-3.2653695,-1.882635615,3.070164158,-0.755297201,0.025180979,-0.113466308,0.133504097,0.114205588,0.045380051,-1.332763982
1,-8.961701255,2.724060102,-0.286777542,0.587476482,0.427077584,-0.725043358,-0.421454852,-0.005829889,-0.140367651,-0.460860071
1,5.845522476,-7.62017034,0.538967189,-0.359109976,-2.781504004,-0.412759303,0.17998492,-0.288584686,-0.042181201,4.047824206
1,9.526493042,-6.747471306,-6.238210083,1.384646167,0.152424706,-1.372153879,0.185342046,0.149114679,0.280722022,-3.95879081
1,3.123123586,-6.504739193,11.45953688,-1.92841075,0.648681878,1.849682362,-0.078997229,0.107978853,-0.237584854,0.374185914
1,-8.961701255,2.724060102,-0.286777542,0.587476482,0.427077584,-0.725043358,-0.421454852,-0.005829889,-0.140367651,-0.460860071
1,8.358024339,-6.970459248,-6.606708856,1.535046933,-1.058878389,-0.93479484,0.321857577,0.071164689,0.477921165,-4.11303137
1,-8.961701255,2.724060102,-0.286777542,0.587476482,0.427077584,-0.725043358,-0.421454852,-0.005829889,-0.140367651,-0.460860071
1,-2.810701036,-1.8910146,3.150167642,-0.833983798,0.049163144,0.031097019,0.184480016,0.089993078,0.0286331,-1.363485409
1,1.500569187,-5.9900791,10.67015312,-1.979445904,0.614172959,1.337232622,0.163896761,0.171516911,-0.071774723,-1.027030554
1,8.358024339,-6.970459248,-6.606708856,1.535046933,-1.058878389,-0.93479484,0.321857577,0.071164689,0.477921165,-4.11303137
1,7.770683396,-8.267833823,1.207574429,-0.167273186,-2.621588573,0.153491445,-0.050744688,-0.313916725,-0.234676212,5.099769833
1,-8.961597322,2.72411401,-0.286756027,0.58750387,0.427056271,-0.724876169,-0.421395039,-0.005777289,-0.140408303,-0.460863547
1,5.536174733,-5.660328114,0.126394844,-0.27554428,-1.911687535,0.028090173,-0.350406492,-0.600160984,-0.441632379,6.758203661
1,8.331814208,-6.981193797,-6.608880026,1.517727824,-1.052364101,-0.957940773,0.317687298,0.063338187,0.47682767,-4.108133618
1,1.500660621,-5.990005805,10.67015783,-1.979405312,0.614158827,1.337400644,0.163961261,0.17155148,-0.071821245,-1.027002074
1,1.213624683,-6.024400677,10.64252531,-2.112309095,0.77224403,1.028926435,0.268933946,0.360589704,-0.16426019,-1.151387072
1,-8.961597322,2.72411401,-0.286756027,0.58750387,0.427056271,-0.724876169,-0.421395039,-0.005777289,-0.140408303,-0.460863547
1,1.343173596,-6.185453764,10.4747226,-1.989759672,0.881333619,0.974278661,0.223106181,0.383653979,-0.163533922,-1.496417119
1,1.500569187,-5.9900791,10.67015312,-1.979445904,0.614172959,1.337232622,0.163896761,0.171516911,-0.071774723,-1.027030554
1,-2.046929537,-2.265644249,3.977326409,-0.900683775,0.046071559,-0.076340192,0.356981952,0.211969224,-0.012062417,-1.097691853
1,8.329623815,-6.982169975,-6.609700381,1.515655308,-1.051622106,-0.959372039,0.317836325,0.062293328,0.477000383,-4.108040985
1,5.924626644,-5.688433894,0.3762423,0.06030936,-1.556806905,-0.439882937,-0.851805467,-0.356286095,-0.028673398,7.268610003
1,5.848656997,-7.619941668,0.539765296,-0.358693197,-2.781558868,-0.410635455,0.18144613,-0.288242856,-0.042745989,4.047242462
1,8.329623815,-6.982169975,-6.609700381,1.515655308,-1.051622106,-0.959372039,0.317836325,0.062293328,0.477000383,-4.108040985
1,-8.961597322,2.72411401,-0.286756027,0.58750387,0.427056271,-0.724876169,-0.421395039,-0.005777289,-0.140408303,-0.460863547
1,8.332079005,-6.982521614,-6.608894133,1.515724195,-1.051625406,-0.95859128,0.318763858,0.062390988,0.476815968,-4.108941546
1,1.500569187,-5.9900791,10.67015312,-1.979445904,0.614172959,1.337232622,0.163896761,0.171516911,-0.071774723,-1.027030554
1,8.358024339,-6.970459248,-6.606708856,1.535046933,-1.058878389,-0.93479484,0.321857577,0.071164689,0.477921165,-4.11303137
1,8.442208871,-6.943044916,-6.617570686,1.352702041,-0.822161297,-1.140170832,0.33388624,0.168420557,0.429862229,-4.160296135
1,3.396184362,-6.652794231,11.32912942,-1.805507943,0.784979581,1.885092958,-0.065148981,0.137566266,-0.261631389,0.025670136
1,1.500660621,-5.990005805,10.67015783,-1.979405312,0.614158827,1.337400644,0.163961261,0.17155148,-0.071821245,-1.027002074
1,1.471023442,-6.005130747,10.66052218,-1.997344732,0.62506415,1.31884221,0.165580627,0.162898305,-0.069136378,-1.026275491
1,8.358024339,-6.970459248,-6.606708856,1.535046933,-1.058878389,-0.93479484,0.321857577,0.071164689,0.477921165,-4.11303137
1,-8.961597322,2.72411401,-0.286756027,0.58750387,0.427056271,-0.724876169,-0.421395039,-0.005777289,-0.140408303,-0.460863547
1,5.875068221,-7.605118692,0.548598138,-0.341211147,-2.792395195,-0.394368891,0.178301054,-0.27996608,-0.044819545,4.047069143
1,0.706661289,-5.82839124,10.23198406,-1.835972389,0.689351281,1.044788882,0.129347744,0.180222127,-0.097886456,-1.24267878
1,1.570079276,-5.978290197,10.64969114,-2.153488229,0.853135375,1.148750635,0.176607482,0.274647105,-0.107569277,-1.075407259
1,8.959786094,-6.149142572,-5.75867268,1.559436969,-0.570539846,-0.873588472,-0.34871387,0.495401254,0.852885645,-2.900255393
1,1.213532481,-6.024460282,10.64250807,-2.112313333,0.77225782,1.028845681,0.268904524,0.360577868,-0.164246532,-1.151378084
1,9.754387321,-6.696025699,-6.242095878,1.237996296,0.407032045,-1.4576143,0.232366475,0.258764822,0.222017226,-4.021940085
1,5.650651928,-6.005039164,0.115996771,-0.125143144,-1.737777911,-0.310573182,-0.254651068,-0.393198114,-0.403028236,6.315517556
1,-2.810887093,-1.890808145,3.151123377,-0.828303701,0.048361081,0.025979652,0.180962063,0.093048444,0.034502918,-1.362923346
1,7.668765596,-8.299869611,1.177427504,-0.197039096,-2.61206132,0.079993286,-0.072814589,-0.330358394,-0.21848689,5.093449311
1,1.471023442,-6.005130747,10.66052218,-1.997344732,0.62506415,1.31884221,0.165580627,0.162898305,-0.069136378,-1.026275491
1,1.42707355,-4.29583435,10.14222482,-1.893631614,1.565987582,1.437276859,-0.316412988,0.069514991,-0.497003475,1.773802017
1,-8.961597322,2.72411401,-0.286756027,0.58750387,0.427056271,-0.724876169,-0.421395039,-0.005777289,-0.140408303,-0.460863547
1,8.302824245,-7.929101184,13.84144569,-2.354742242,1.731347088,2.517607532,0.22391773,0.290959076,-0.680067859,4.733679437
1,5.875068221,-7.605118692,0.548598138,-0.341211147,-2.792395195,-0.394368891,0.178301054,-0.27996608,-0.044819545,4.047069143
1,8.444899554,-6.956943333,-6.630961636,1.337429561,-0.816400456,-1.10323073,0.353706311,0.186683497,0.435987366,-4.165206178
1,-8.961701255,2.724060102,-0.286777542,0.587476482,0.427077584,-0.725043358,-0.421454852,-0.005829889,-0.140367651,-0.460860071
1,8.332758336,-6.981941304,-6.608902274,1.516072087,-1.05167697,-0.957248191,0.319297535,0.062635159,0.476435594,-4.10862273
1,8.541837352,-7.000427702,-6.61041868,1.559882122,-1.028062051,-0.84451261,0.406985463,0.060179654,0.502748003,-4.207809182
1,-8.961597322,2.72411401,-0.286756027,0.58750387,0.427056271,-0.724876169,-0.421395039,-0.005777289,-0.140408303,-0.460863547
1,8.332758336,-6.981941304,-6.608902274,1.516072087,-1.05167697,-0.957248191,0.319297535,0.062635159,0.476435594,-4.10862273
1,1.500569187,-5.9900791,10.67015312,-1.979445904,0.614172959,1.337232622,0.163896761,0.171516911,-0.071774723,-1.027030554
1,8.358107183,-6.97043442,-6.606679572,1.535055007,-1.058910191,-0.934654852,0.321921378,0.071234276,0.477890228,-4.113055269
1,8.520554132,-6.921466664,-6.612094275,1.374057892,-0.821024448,-1.076232848,0.359241063,0.176764188,0.42384644,-4.170483902
1,8.959786094,-6.149142572,-5.75867268,1.559436969,-0.570539846,-0.873588472,-0.34871387,0.495401254,0.852885645,-2.900255393
1,8.329777685,-6.982059761,-6.609685784,1.515715791,-1.051645337,-0.959105263,0.317932725,0.06235258,0.476929073,-4.108009311
1,-8.961597322,2.72411401,-0.286756027,0.58750387,0.427056271,-0.724876169,-0.421395039,-0.005777289,-0.140408303,-0.460863547
1,5.847977667,-7.620521978,0.539773436,-0.359041088,-2.781507305,-0.411978544,0.180912453,-0.288487027,-0.042365615,4.046923645
1,0.43101593,-1.76151698,-0.759507829,0.466875447,1.48425563,-0.355369977,0.377279153,0.036573752,0.408823796,-7.188887977
1,7.770683396,-8.267833823,1.207574429,-0.167273186,-2.621588573,0.153491445,-0.050744688,-0.313916725,-0.234676212,5.099769833
1,-8.961597322,2.72411401,-0.286756027,0.58750387,0.427056271,-0.724876169,-0.421395039,-0.005777289,-0.140408303,-0.460863547
1,-2.35834514,-1.997423291,3.818058136,-0.885110275,0.12037651,-0.20178609,0.313322307,0.151342692,0.018119757,-0.92651147
1,1.570058489,-5.978300979,10.64968683,-2.153493706,0.853139638,1.148717197,0.17659552,0.274636585,-0.107561147,-1.075406564
1,5.875068221,-7.605118692,0.548598138,-0.341211147,-2.792395195,-0.394368891,0.178301054,-0.27996608,-0.044819545,4.047069143
1,1.579668875,-4.465767448,10.03665738,-1.821075575,1.604303607,1.414654093,-0.303985101,0.060028364,-0.499854986,1.373065826
1,0.741402824,-5.787217755,10.46809151,-1.919596653,0.646663196,1.037944898,0.19965833,0.192764706,-0.102444767,-0.91016586
1,3.144610556,-6.489333928,11.46014146,-1.928619677,0.650155491,1.864275429,-0.085197209,0.104659479,-0.242845892,0.378684142
1,-8.961701255,2.724060102,-0.286777542,0.587476482,0.427077584,-0.725043358,-0.421454852,-0.005829889,-0.140367651,-0.460860071
1,9.601964474,-6.770509997,-6.413701826,1.811588731,-0.928296549,-0.467320626,0.491980787,0.409067977,0.562840415,-4.278337165
1,1.474157964,-6.004902076,10.66132028,-1.996927954,0.625009285,1.320966058,0.167041837,0.163240136,-0.069701166,-1.026857236
1,1.657572258,-6.014676754,10.72096649,-1.994326558,0.621426604,1.396729129,0.237894953,0.170993825,-0.087822405,-1.078494812
1,9.726287402,-6.716660359,-6.401129282,1.84895097,-0.943045812,-0.368115896,0.506242969,0.428157657,0.577184604,-4.295282819
1,3.396184362,-6.652794231,11.32912942,-1.805507943,0.784979581,1.885092958,-0.065148981,0.137566266,-0.261631389,0.025670136
1,-8.961597322,2.72411401,-0.286756027,0.58750387,0.427056271,-0.724876169,-0.421395039,-0.005777289,-0.140408303,-0.460863547
1,5.547109899,-5.940635969,0.052134793,-0.143500057,-1.72516028,-0.297787821,-0.313789952,-0.413062905,-0.404550412,6.383995472
1,-3.466097141,-1.896090821,3.032520774,-0.778577436,0.027412373,-0.206017164,0.083148627,0.070534413,0.067282032,-1.315389684
1,8.332079005,-6.982521614,-6.608894133,1.515724195,-1.051625406,-0.95859128,0.318763858,0.062390988,0.476815968,-4.108941546
1,8.361629824,-6.709918757,-6.244828972,1.479175743,-1.159270601,-0.830642476,0.197950096,0.315392769,0.405643661,-3.612148822
1,9.464351916,-6.75772824,-6.341815399,1.751000645,-1.081618451,-0.444517845,0.395874185,0.392897036,0.513875711,-4.237232753
1,8.303183316,-7.011390361,-6.625428058,1.497186944,-1.046695806,-0.953541441,0.328907432,0.076937095,0.490226121,-4.116960445
1,9.464351916,-6.75772824,-6.341815399,1.751000645,-1.081618451,-0.444517845,0.395874185,0.392897036,0.513875711,-4.237232753
1,1.473478633,-6.005482386,10.66132842,-1.997275845,0.625060849,1.319622969,0.16650816,0.162995965,-0.069320792,-1.027176052
1,4.812385877,-7.326489471,0.547430902,-0.223664221,-2.695418322,-0.687282377,0.248992364,-0.260461772,-0.005618016,4.03228587
1,3.396184362,-6.652794231,11.32912942,-1.805507943,0.784979581,1.885092958,-0.065148981,0.137566266,-0.261631389,0.025670136
1,3.144610556,-6.489333928,11.46014146,-1.928619677,0.650155491,1.864275429,-0.085197209,0.104659479,-0.242845892,0.378684142
1,2.341165879,-6.547009843,11.23406616,-1.931101924,0.908189271,1.509079809,-0.183472962,-0.046855196,-0.26586673,0.500173995
1,3.294266562,-6.684830019,11.29898249,-1.835273853,0.794506834,1.811594799,-0.087218882,0.121124598,-0.245442067,0.019349613
1,1.500569187,-5.9900791,10.67015312,-1.979445904,0.614172959,1.337232622,0.163896761,0.171516911,-0.071774723,-1.027030554
1,8.358107183,-6.97043442,-6.606679572,1.535055007,-1.058910191,-0.934654852,0.321921378,0.071234276,0.477890228,-4.113055269
1,7.324922383,-6.035330795,-1.885483423,-0.013442604,-0.869641527,-0.800145207,-0.433557104,-0.019977452,-0.161587951,3.519186217
1,-8.961597322,2.72411401,-0.286756027,0.58750387,0.427056271,-0.724876169,-0.421395039,-0.005777289,-0.140408303,-0.460863547
1,1.635201478,-6.024770284,10.71933252,-1.986456067,0.616869468,1.393106341,0.245312325,0.179217143,-0.080927242,-1.077254518
1,1.500569187,-5.9900791,10.67015312,-1.979445904,0.614172959,1.337232622,0.163896761,0.171516911,-0.071774723,-1.027030554
1,1.500569187,-5.9900791,10.67015312,-1.979445904,0.614172959,1.337232622,0.163896761,0.171516911,-0.071774723,-1.027030554
1,9.601964474,-6.770509997,-6.413701826,1.811588731,-0.928296549,-0.467320626,0.491980787,0.409067977,0.562840415,-4.278337165
1,-8.961597322,2.72411401,-0.286756027,0.58750387,0.427056271,-0.724876169,-0.421395039,-0.005777289,-0.140408303,-0.460863547
1,10.81379772,-7.054245458,-6.59910318,1.12012064,0.247752131,-1.25703331,0.215166908,0.277112309,0.104570867,-4.568973847
1,8.358115774,-6.970385952,-6.60670415,1.535087525,-1.05889252,-0.934626818,0.321922077,0.071199258,0.477874642,-4.11300289
1,8.431918373,-6.954982694,-6.667965428,1.418826271,-0.760688312,-1.235924243,0.386517288,0.228471107,0.490380241,-4.104718788
1,-8.961701255,2.724060102,-0.286777542,0.587476482,0.427077584,-0.725043358,-0.421454852,-0.005829889,-0.140367651,-0.460860071
1,0.949300204,-5.738134459,10.48159198,-2.068940095,0.882346885,0.951118874,0.234679923,0.313311977,-0.16034431,-0.949562267
1,11.70761914,-6.954908713,-5.409069819,1.625183715,-0.77854362,-0.92561949,-0.01319225,0.239980439,1.228310075,-3.280882868
1,7.668765596,-8.299869611,1.177427504,-0.197039096,-2.61206132,0.079993286,-0.072814589,-0.330358394,-0.21848689,5.093449311
1,9.443020097,-6.771049553,-6.357269102,1.724010385,-1.081180907,-0.438156234,0.386333123,0.41061961,0.542550502,-4.246117325
1,3.123123586,-6.504739193,11.45953688,-1.92841075,0.648681878,1.849682362,-0.078997229,0.107978853,-0.237584854,0.374185914
1,1.471023442,-6.005130747,10.66052218,-1.997344732,0.62506415,1.31884221,0.165580627,0.162898305,-0.069136378,-1.026275491
1,1.500569187,-5.9900791,10.67015312,-1.979445904,0.614172959,1.337232622,0.163896761,0.171516911,-0.071774723,-1.027030554
1,7.51910959,-8.10437352,1.338586474,-0.29038492,-2.756412663,0.132673916,-0.070792916,-0.346823512,-0.215890714,5.452783839
1,9.601964474,-6.770509997,-6.413701826,1.811588731,-0.928296549,-0.467320626,0.491980787,0.409067977,0.562840415,-4.278337165
1,-2.046929537,-2.265644249,3.977326409,-0.900683775,0.046071559,-0.076340192,0.356981952,0.211969224,-0.012062417,-1.097691853
1,1.473478633,-6.005482386,10.66132842,-1.997275845,0.625060849,1.319622969,0.16650816,0.162995965,-0.069320792,-1.027176052
1,-8.961597322,2.72411401,-0.286756027,0.58750387,0.427056271,-0.724876169,-0.421395039,-0.005777289,-0.140408303,-0.460863547
1,5.875068221,-7.605118692,0.548598138,-0.341211147,-2.792395195,-0.394368891,0.178301054,-0.27996608,-0.044819545,4.047069143
1,8.537792574,-7.002416219,-6.61935964,1.591671487,-1.024715246,-0.85712819,0.428081978,0.073301753,0.517692757,-4.204813002
1,-8.961597322,2.72411401,-0.286756027,0.58750387,0.427056271,-0.724876169,-0.421395039,-0.005777289,-0.140408303,-0.460863547
1,-2.35834514,-1.997423291,3.818058136,-0.885110275,0.12037651,-0.20178609,0.313322307,0.151342692,0.018119757,-0.92651147
1,5.875159655,-7.605045397,0.548602843,-0.341170555,-2.792409326,-0.394200869,0.178365554,-0.279931511,-0.044866068,4.047097624
1,8.329623815,-6.982169975,-6.609700381,1.515655308,-1.051622106,-0.959372039,0.317836325,0.062293328,0.477000383,-4.108040985
1,9.782944009,-6.689492654,-6.403120931,1.87270811,-0.926086579,-0.33842013,0.552159448,0.4471316,0.570361911,-4.291432561
1,3.396184362,-6.652794231,11.32912942,-1.805507943,0.784979581,1.885092958,-0.065148981,0.137566266,-0.261631389,0.025670136
1,-1.816261361,-2.442806305,3.843612028,-0.812556592,0.141979768,-0.080914076,0.357924132,0.217084395,-0.016094361,-1.492052205
1,-8.961701255,2.724060102,-0.286777542,0.587476482,0.427077584,-0.725043358,-0.421454852,-0.005829889,-0.140367651,-0.460860071
1,-8.961597322,2.72411401,-0.286756027,0.58750387,0.427056271,-0.724876169,-0.421395039,-0.005777289,-0.140408303,-0.460863547
1,5.498056603,-5.835106066,0.221564211,-0.197699183,-1.776093937,-0.287950417,-0.267078954,-0.383711486,-0.400176724,6.716253747
1,9.464351916,-6.75772824,-6.341815399,1.751000645,-1.081618451,-0.444517845,0.395874185,0.392897036,0.513875711,-4.237232753
1,-2.071156399,-2.27838954,3.974225074,-0.912946729,0.045019059,-0.109564931,0.340185442,0.206462768,-0.00193672,-1.098814173
1,1.500569187,-5.9900791,10.67015312,-1.979445904,0.614172959,1.337232622,0.163896761,0.171516911,-0.071774723,-1.027030554
1,-8.961597322,2.72411401,-0.286756027,0.58750387,0.427056271,-0.724876169,-0.421395039,-0.005777289,-0.140408303,-0.460863547
1,8.366554294,-6.978521584,-6.636438046,1.316073709,-0.817537305,-1.167168715,0.328351488,0.178339866,0.442003154,-4.15501841
1,3.315956324,-6.685298779,11.30463012,-1.82748234,0.796020959,1.82818829,-0.075759486,0.123784474,-0.249297468,0.014867794
1,-8.961597322,2.72411401,-0.286756027,0.58750387,0.427056271,-0.724876169,-0.421395039,-0.005777289,-0.140408303,-0.460863547
1,3.294266562,-6.684830019,11.29898249,-1.835273853,0.794506834,1.811594799,-0.087218882,0.121124598,-0.245442067,0.019349613
1,8.329623815,-6.982169975,-6.609700381,1.515655308,-1.051622106,-0.959372039,0.317836325,0.062293328,0.477000383,-4.108040985
1,8.358024339,-6.970459248,-6.606708856,1.535046933,-1.058878389,-0.93479484,0.321857577,0.071164689,0.477921165,-4.11303137
1,-6.604273996,2.695079214,0.12689579,0.370120525,0.761901609,-0.388458243,-0.767047074,0.296413288,0.301369771,0.058387552
1,3.123123586,-6.504739193,11.45953688,-1.92841075,0.648681878,1.849682362,-0.078997229,0.107978853,-0.237584854,0.374185914
1,8.253969237,-7.017646644,-6.628567741,1.479026976,-1.046998114,-0.986369922,0.312301573,0.072212638,0.489141308,-4.102763261
1,-8.961701255,2.724060102,-0.286777542,0.587476482,0.427077584,-0.725043358,-0.421454852,-0.005829889,-0.140367651,-0.460860071
1,1.500569187,-5.9900791,10.67015312,-1.979445904,0.614172959,1.337232622,0.163896761,0.171516911,-0.071774723,-1.027030554
1,-8.961701255,2.724060102,-0.286777542,0.587476482,0.427077584,-0.725043358,-0.421454852,-0.005829889,-0.140367651,-0.460860071
1,5.924626644,-5.688433894,0.3762423,0.06030936,-1.556806905,-0.439882937,-0.851805467,-0.356286095,-0.028673398,7.268610003
1,5.533786618,-7.663688943,0.549640624,-0.30824109,-2.866553429,-0.505993593,0.286284547,-0.196633349,-0.10533064,3.970933403
1,1.500569187,-5.9900791,10.67015312,-1.979445904,0.614172959,1.337232622,0.163896761,0.171516911,-0.071774723,-1.027030554
1,3.436751973,-6.630157159,11.33502344,-1.803161119,0.790762152,1.922900536,-0.036872353,0.152181846,-0.276301825,0.026777322
1,11.34088508,-4.716358849,-6.478830276,1.808697772,0.018494538,-0.589001802,-0.722168503,0.169832946,1.472956906,-1.589860638
1,1.85364359,-4.149162178,10.29690291,-1.635623072,1.785274614,1.285344338,-0.9011395,0.096940382,-0.125500149,2.326158273
1,10.81379772,-7.054245458,-6.59910318,1.12012064,0.247752131,-1.25703331,0.215166908,0.277112309,0.104570867,-4.568973847
1,8.358107183,-6.97043442,-6.606679572,1.535055007,-1.058910191,-0.934654852,0.321921378,0.071234276,0.477890228,-4.113055269
1,1.179247981,-5.863131678,10.3737639,-1.811356289,0.700804263,1.167226565,0.245013082,0.229093096,-0.128504811,-1.36102545
1,5.875159655,-7.605045397,0.548602843,-0.341170555,-2.792409326,-0.394200869,0.178365554,-0.279931511,-0.044866068,4.047097624
1,6.032071292,-7.629716346,0.599411505,-0.356091801,-2.785141549,-0.334872384,0.252299247,-0.280489167,-0.060867227,3.995604885
1,3.294266562,-6.684830019,11.29898249,-1.835273853,0.794506834,1.811594799,-0.087218882,0.121124598,-0.245442067,0.019349613
1,12.61649646,-9.390442102,3.360654332,-0.652175759,-1.82492019,0.744402629,0.223301875,-0.25929266,-0.654614222,9.853186738
1,-8.961701255,2.724060102,-0.286777542,0.587476482,0.427077584,-0.725043358,-0.421454852,-0.005829889,-0.140367651,-0.460860071
1,8.358024339,-6.970459248,-6.606708856,1.535046933,-1.058878389,-0.93479484,0.321857577,0.071164689,0.477921165,-4.11303137
1,9.601964474,-6.770509997,-6.413701826,1.811588731,-0.928296549,-0.467320626,0.491980787,0.409067977,0.562840415,-4.278337165
1,5.875068221,-7.605118692,0.548598138,-0.341211147,-2.792395195,-0.394368891,0.178301054,-0.27996608,-0.044819545,4.047069143
1,8.329623815,-6.982169975,-6.609700381,1.515655308,-1.051622106,-0.959372039,0.317836325,0.062293328,0.477000383,-4.108040985
1,5.71767263,-7.800493356,0.353167616,-0.351524915,-2.525234535,-0.757322852,0.237510474,-0.067829013,-0.136578745,3.577682578
1,5.875068221,-7.605118692,0.548598138,-0.341211147,-2.792395195,-0.394368891,0.178301054,-0.27996608,-0.044819545,4.047069143
1,8.366554294,-6.978521584,-6.636438046,1.316073709,-0.817537305,-1.167168715,0.328351488,0.178339866,0.442003154,-4.15501841
1,1.500589974,-5.990068319,10.67015743,-1.979440426,0.614168696,1.33726606,0.163908723,0.171527431,-0.071782853,-1.02703125
1,1.85364359,-4.149162178,10.29690291,-1.635623072,1.785274614,1.285344338,-0.9011395,0.096940382,-0.125500149,2.326158273
1,3.294266562,-6.684830019,11.29898249,-1.835273853,0.794506834,1.811594799,-0.087218882,0.121124598,-0.245442067,0.019349613
1,3.144610556,-6.489333928,11.46014146,-1.928619677,0.650155491,1.864275429,-0.085197209,0.104659479,-0.242845892,0.378684142
1,1.465191679,-4.121056398,10.04705545,-1.971476712,1.430393983,1.753317448,-0.399740526,-0.146934507,-0.538459129,1.815751931
1,9.726287402,-6.716660359,-6.401129282,1.84895097,-0.943045812,-0.368115896,0.506242969,0.428157657,0.577184604,-4.295282819
1,7.51910959,-8.10437352,1.338586474,-0.29038492,-2.756412663,0.132673916,-0.070792916,-0.346823512,-0.215890714,5.452783839
1,10.81379772,-7.054245458,-6.59910318,1.12012064,0.247752131,-1.25703331,0.215166908,0.277112309,0.104570867,-4.568973847
